-- ============================================
-- 机场设备管理系统 - 初始数据脚本
-- ============================================
-- 
-- 使用前请确保先运行 schema_postgresql.sql 或 schema_mysql.sql
-- 
-- 创建命令：
-- PostgreSQL: psql -U airport_admin -d airport_equipment -f docs/initial_data.sql
-- MySQL: mysql -u airport_admin -p airport_equipment < docs/initial_data.sql
-- 
-- 版本：1.0.0
-- 创建日期：2026年6月
-- 
-- 目录结构：
-- 1. 用户数据（需替换密码哈希）
-- 2. 站点数据（值机岛、登机口、自助服务区）
-- 3. 柜台数据（值机岛和登机口柜台）
-- 4. 设备类型数据
-- 5. 设备数据（使用中、备机、损坏、送修）
-- 6. 初始变更记录

-- ============================================
-- 重要说明：密码配置
-- ============================================
-- 
-- 以下用户密码为占位符，实际部署时需要：
-- 1. 使用 bcrypt 生成真实的密码哈希
-- 2. 将生成的哈希值替换下面的 'hashed_password_here'
-- 
-- 生成密码哈希的命令（Node.js）：
-- node -e "const bcrypt = require('bcryptjs'); bcrypt.hash('YourPassword123', 10).then(h => console.log(h));"
-- 
-- 默认测试密码（需替换为真实哈希）：
-- - 管理员 admin: Admin@2026
-- - 操作员 operator: Operator@2026

-- ============================================
-- 1. 用户数据
-- ============================================

INSERT INTO users (id, username, password, name, role, is_active) VALUES
-- 系统管理员
('550e8400-e29b-41d4-a716-446655440001', 'admin', 'hashed_password_here', '系统管理员', 'admin', true),
-- 设备操作员
('550e8400-e29b-41d4-a716-446655440002', 'operator', 'hashed_password_here', '设备操作员', 'user', true);

-- ============================================
-- 2. 站点数据
-- ============================================

INSERT INTO stations (id, name, code, type, description, position_x, position_y, is_active) VALUES
-- 值机岛
('550e8400-e29b-41d4-a716-446655440101', 'A值机岛', 'A', 'checkin', '国内航班值机区', 0, 0, true),
('550e8400-e29b-41d4-a716-446655440102', 'B值机岛', 'B', 'checkin', '国际航班值机区', 1, 0, true),
('550e8400-e29b-41d4-a716-446655440103', 'C值机岛', 'C', 'checkin', '特殊旅客值机区', 2, 0, true),

-- 指廊登机口
('550e8400-e29b-41d4-a716-446655440104', 'A指廊登机口', 'GA', 'gate', 'A指廊登机口区域', 0, 1, true),
('550e8400-e29b-41d4-a716-446655440105', 'B指廊登机口', 'GB', 'gate', 'B指廊登机口区域', 1, 1, true),
('550e8400-e29b-41d4-a716-446655440106', 'C指廊登机口', 'GC', 'gate', 'C指廊登机口区域', 2, 1, true),

-- 自助服务区
('550e8400-e29b-41d4-a716-446655440107', 'A自助服务区', 'SA', 'selfservice', 'A区自助值机区域', 0, 2, true),
('550e8400-e29b-41d4-a716-446655440108', 'B自助服务区', 'SB', 'selfservice', 'B区自助值机区域', 1, 2, true);

-- ============================================
-- 3. 柜台数据
-- ============================================

-- A值机岛柜台
INSERT INTO counters (id, station_id, name, position, is_active) VALUES
('550e8400-e29b-41d4-a716-446655440201', '550e8400-e29b-41d4-a716-446655440101', 'A01柜台', 1, true),
('550e8400-e29b-41d4-a716-446655440202', '550e8400-e29b-41d4-a716-446655440101', 'A02柜台', 2, true),
('550e8400-e29b-41d4-a716-446655440203', '550e8400-e29b-41d4-a716-446655440101', 'A03柜台', 3, true),
('550e8400-e29b-41d4-a716-446655440204', '550e8400-e29b-41d4-a716-446655440101', 'A04柜台', 4, true),
('550e8400-e29b-41d4-a716-446655440205', '550e8400-e29b-41d4-a716-446655440101', 'A05柜台', 5, true),
('550e8400-e29b-41d4-a716-446655440206', '550e8400-e29b-41d4-a716-446655440101', 'A06柜台', 6, true);

-- B值机岛柜台
INSERT INTO counters (id, station_id, name, position, is_active) VALUES
('550e8400-e29b-41d4-a716-446655440207', '550e8400-e29b-41d4-a716-446655440102', 'B01柜台', 1, true),
('550e8400-e29b-41d4-a716-446655440208', '550e8400-e29b-41d4-a716-446655440102', 'B02柜台', 2, true),
('550e8400-e29b-41d4-a716-446655440209', '550e8400-e29b-41d4-a716-446655440102', 'B03柜台', 3, true),
('550e8400-e29b-41d4-a716-446655440210', '550e8400-e29b-41d4-a716-446655440102', 'B04柜台', 4, true);

-- A指廊登机口柜台
INSERT INTO counters (id, station_id, name, position, is_active) VALUES
('550e8400-e29b-41d4-a716-446655440211', '550e8400-e29b-41d4-a716-446655440104', 'A101登机口', 1, true),
('550e8400-e29b-41d4-a716-446655440212', '550e8400-e29b-41d4-a716-446655440104', 'A102登机口', 2, true),
('550e8400-e29b-41d4-a716-446655440213', '550e8400-e29b-41d4-a716-446655440104', 'A103登机口', 3, true),
('550e8400-e29b-41d4-a716-446655440214', '550e8400-e29b-41d4-a716-446655440104', 'A104登机口', 4, true);

-- B指廊登机口柜台
INSERT INTO counters (id, station_id, name, position, is_active) VALUES
('550e8400-e29b-41d4-a716-446655440215', '550e8400-e29b-41d4-a716-446655440105', 'B201登机口', 1, true),
('550e8400-e29b-41d4-a716-446655440216', '550e8400-e29b-41d4-a716-446655440105', 'B202登机口', 2, true),
('550e8400-e29b-41d4-a716-446655440217', '550e8400-e29b-41d4-a716-446655440105', 'B203登机口', 3, true);

-- ============================================
-- 4. 设备类型数据
-- ============================================

INSERT INTO device_types (id, name, category, description, icon, attributes, is_active) VALUES
('550e8400-e29b-41d4-a716-446655440301', 'CUSS 自助值机机', 'CUSS', '自助打印登机牌和行李条', 'Monitor', '{"纸卷类型": "热敏纸", "支持语言": ["中文", "英文"]}', true),
('550e8400-e29b-41d4-a716-446655440302', '值机柜台电脑', '电脑', '值机柜台用计算机', 'Monitor', '{"操作系统": "Windows", "内存": "8GB"}', true),
('550e8400-e29b-41d4-a716-446655440303', '行李秤', '称重设备', '行李重量测量', 'Scale', '{"最大承重(kg)": "50", "精度": "0.5kg"}', true),
('550e8400-e29b-41d4-a716-446655440304', '登机牌打印机', '打印机', '登机牌打印', 'Printer', '{"纸张规格": "A4"}', true),
('550e8400-e29b-41d4-a716-446655440305', '行李条打印机', '打印机', '行李条打印', 'Printer', '{"纸张规格": "热敏纸"}', true),
('550e8400-e29b-41d4-a716-446655440306', '扫描枪', '扫描设备', '条形码扫描', 'Scan', '{"扫描类型": "一维码"}', true),
('550e8400-e29b-41d4-a716-446655440307', '身份证阅读器', '识别设备', '身份证信息读取', 'CreditCard', '{"接口": "USB"}', true),
('550e8400-e29b-41d4-a716-446655440308', '护照阅读器', '识别设备', '护照信息读取', 'FileText', '{"支持类型": ["MRZ", "OCR"]}', true);

-- ============================================
-- 5. 设备数据
-- ============================================

-- A值机岛使用中设备
INSERT INTO devices (id, name, type_id, serial_number, status, station_id, counter_id, position, custom_data, is_active) VALUES
('550e8400-e29b-41d4-a716-446655440401', 'PC-A01', '550e8400-e29b-41d4-a716-446655440302', 'PC2024001', 'active', '550e8400-e29b-41d4-a716-446655440101', '550e8400-e29b-41d4-a716-446655440201', 1, '{}', true),
('550e8400-e29b-41d4-a716-446655440402', 'PC-A02', '550e8400-e29b-41d4-a716-446655440302', 'PC2024002', 'active', '550e8400-e29b-41d4-a716-446655440101', '550e8400-e29b-41d4-a716-446655440202', 1, '{}', true),
('550e8400-e29b-41d4-a716-446655440403', '行李秤-A01', '550e8400-e29b-41d4-a716-446655440303', 'SC2024001', 'active', '550e8400-e29b-41d4-a716-446655440101', '550e8400-e29b-41d4-a716-446655440201', 2, '{}', true),
('550e8400-e29b-41d4-a716-446655440404', '打印机-A01', '550e8400-e29b-41d4-a716-446655440304', 'PR2024001', 'active', '550e8400-e29b-41d4-a716-446655440101', '550e8400-e29b-41d4-a716-446655440201', 3, '{}', true),
('550e8400-e29b-41d4-a716-446655440405', '打印机-A02', '550e8400-e29b-41d4-a716-446655440305', 'BT2024001', 'active', '550e8400-e29b-41d4-a716-446655440101', '550e8400-e29b-41d4-a716-446655440202', 2, '{}', true),
('550e8400-e29b-41d4-a716-446655440406', '身份证阅读器-A01', '550e8400-e29b-41d4-a716-446655440307', 'ID2024001', 'active', '550e8400-e29b-41d4-a716-446655440101', '550e8400-e29b-41d4-a716-446655440201', 4, '{}', true);

-- A值机岛备机设备（station_id 为 NULL，表示在库房）
INSERT INTO devices (id, name, type_id, serial_number, status, station_id, counter_id, position, custom_data, is_active) VALUES
('550e8400-e29b-41d4-a716-446655440407', 'PC-备机01', '550e8400-e29b-41d4-a716-446655440302', 'PC2024010', 'standby', NULL, NULL, 1, '{}', true),
('550e8400-e29b-41d4-a716-446655440408', 'PC-备机02', '550e8400-e29b-41d4-a716-446655440302', 'PC2024011', 'standby', NULL, NULL, 2, '{}', true),
('550e8400-e29b-41d4-a716-446655440409', '行李秤-备机01', '550e8400-e29b-41d4-a716-446655440303', 'SC2024010', 'standby', NULL, NULL, 3, '{}', true),
('550e8400-e29b-41d4-a716-446655440410', '打印机-备机01', '550e8400-e29b-41d4-a716-446655440304', 'PR2024010', 'standby', NULL, NULL, 4, '{}', true),
('550e8400-e29b-41d4-a716-446655440411', '扫描枪-备机01', '550e8400-e29b-41d4-a716-446655440306', 'SN2024010', 'standby', NULL, NULL, 5, '{}', true),
('550e8400-e29b-41d4-a716-446655440412', '身份证阅读器-备机01', '550e8400-e29b-41d4-a716-446655440307', 'ID2024010', 'standby', NULL, NULL, 6, '{}', true);

-- A值机岛损坏设备（station_id 为 NULL，表示在库房损坏区）
INSERT INTO devices (id, name, type_id, serial_number, status, station_id, counter_id, position, custom_data, is_active) VALUES
('550e8400-e29b-41d4-a716-446655440413', 'PC-A03', '550e8400-e29b-41d4-a716-446655440302', 'PC2024003', 'damaged', NULL, NULL, 1, '{}', true),
('550e8400-e29b-41d4-a716-446655440414', '打印机-A03', '550e8400-e29b-41d4-a716-446655440305', 'BT2024002', 'damaged', NULL, NULL, 2, '{}', true);

-- A值机岛送修设备（station_id 为 NULL，表示在库房送修区）
INSERT INTO devices (id, name, type_id, serial_number, status, station_id, counter_id, position, custom_data, is_active) VALUES
('550e8400-e29b-41d4-a716-446655440415', '行李条打印机-A01', '550e8400-e29b-41d4-a716-446655440305', 'BT2024003', 'repair', NULL, NULL, 1, '{}', true),
('550e8400-e29b-41d4-a716-446655440416', '扫描枪-A01', '550e8400-e29b-41d4-a716-446655440306', 'SN2024001', 'repair', NULL, NULL, 2, '{}', true);

-- B值机岛设备
INSERT INTO devices (id, name, type_id, serial_number, status, station_id, counter_id, position, custom_data, is_active) VALUES
('550e8400-e29b-41d4-a716-446655440417', 'PC-B01', '550e8400-e29b-41d4-a716-446655440302', 'PC2024004', 'active', '550e8400-e29b-41d4-a716-446655440102', '550e8400-e29b-41d4-a716-446655440207', 1, '{}', true),
('550e8400-e29b-41d4-a716-446655440418', 'PC-B02', '550e8400-e29b-41d4-a716-446655440302', 'PC2024005', 'active', '550e8400-e29b-41d4-a716-446655440102', '550e8400-e29b-41d4-a716-446655440208', 1, '{}', true),
('550e8400-e29b-41d4-a716-446655440419', '护照阅读器-B01', '550e8400-e29b-41d4-a716-446655440308', 'PP2024001', 'active', '550e8400-e29b-41d4-a716-446655440102', '550e8400-e29b-41d4-a716-446655440207', 2, '{}', true);

-- A自助服务区设备
INSERT INTO devices (id, name, type_id, serial_number, status, station_id, counter_id, position, custom_data, is_active) VALUES
('550e8400-e29b-41d4-a716-446655440420', 'CUSS-A01', '550e8400-e29b-41d4-a716-446655440301', 'CUSS2024001', 'active', '550e8400-e29b-41d4-a716-446655440107', NULL, 1, '{"纸卷类型": "热敏纸"}', true),
('550e8400-e29b-41d4-a716-446655440421', 'CUSS-A02', '550e8400-e29b-41d4-a716-446655440301', 'CUSS2024002', 'active', '550e8400-e29b-41d4-a716-446655440107', NULL, 2, '{"纸卷类型": "热敏纸"}', true),
('550e8400-e29b-41d4-a716-446655440422', 'CUSS-A03', '550e8400-e29b-41d4-a716-446655440301', 'CUSS2024003', 'active', '550e8400-e29b-41d4-a716-446655440107', NULL, 3, '{"纸卷类型": "热敏纸"}', true),
('550e8400-e29b-41d4-a716-446655440423', 'CUSS-备机01', '550e8400-e29b-41d4-a716-446655440301', 'CUSS2024010', 'standby', NULL, NULL, 7, '{"纸卷类型": "热敏纸"}', true);

-- A指廊登机口设备
INSERT INTO devices (id, name, type_id, serial_number, status, station_id, counter_id, position, custom_data, is_active) VALUES
('550e8400-e29b-41d4-a716-446655440424', '扫描枪-A101', '550e8400-e29b-41d4-a716-446655440306', 'SN2024002', 'active', '550e8400-e29b-41d4-a716-446655440104', '550e8400-e29b-41d4-a716-446655440211', 1, '{}', true),
('550e8400-e29b-41d4-a716-446655440425', '扫描枪-A102', '550e8400-e29b-41d4-a716-446655440306', 'SN2024003', 'active', '550e8400-e29b-41d4-a716-446655440104', '550e8400-e29b-41d4-a716-446655440212', 1, '{}', true),
('550e8400-e29b-41d4-a716-446655440426', '扫描枪-A103', '550e8400-e29b-41d4-a716-446655440306', 'SN2024004', 'active', '550e8400-e29b-41d4-a716-446655440104', '550e8400-e29b-41d4-a716-446655440213', 1, '{}', true),
('550e8400-e29b-41d4-a716-446655440427', '扫描枪-A104', '550e8400-e29b-41d4-a716-446655440306', 'SN2024005', 'active', '550e8400-e29b-41d4-a716-446655440104', '550e8400-e29b-41d4-a716-446655440214', 1, '{}', true);

-- B指廊登机口设备
INSERT INTO devices (id, name, type_id, serial_number, status, station_id, counter_id, position, custom_data, is_active) VALUES
('550e8400-e29b-41d4-a716-446655440428', '扫描枪-B201', '550e8400-e29b-41d4-a716-446655440306', 'SN2024006', 'active', '550e8400-e29b-41d4-a716-446655440105', '550e8400-e29b-41d4-a716-446655440215', 1, '{}', true),
('550e8400-e29b-41d4-a716-446655440429', '扫描枪-B202', '550e8400-e29b-41d4-a716-446655440306', 'SN2024007', 'active', '550e8400-e29b-41d4-a716-446655440105', '550e8400-e29b-41d4-a716-446655440216', 1, '{}', true),
('550e8400-e29b-41d4-a716-446655440430', '扫描枪-B203', '550e8400-e29b-41d4-a716-446655440306', 'SN2024008', 'active', '550e8400-e29b-41d4-a716-446655440105', '550e8400-e29b-41d4-a716-446655440217', 1, '{}', true);

-- ============================================
-- 6. 初始变更记录（示例数据）
-- ============================================

INSERT INTO device_change_records (id, device_id, from_station_id, to_station_id, from_counter_id, to_counter_id, from_status, to_status, reason, operator_id, operator_name, created_at) VALUES
('550e8400-e29b-41d4-a716-446655440501', '550e8400-e29b-41d4-a716-446655440401', NULL, '550e8400-e29b-41d4-a716-446655440101', NULL, '550e8400-e29b-41d4-a716-446655440201', NULL, 'active', '新增设备并安装到柜台', '550e8400-e29b-41d4-a716-446655440001', '系统管理员', CURRENT_TIMESTAMP),
('550e8400-e29b-41d4-a716-446655440502', '550e8400-e29b-41d4-a716-446655440413', '550e8400-e29b-41d4-a716-446655440101', NULL, '550e8400-e29b-41d4-a716-446655440203', NULL, 'active', 'damaged', '设备故障，标记损坏', '550e8400-e29b-41d4-a716-446655440002', '设备操作员', CURRENT_TIMESTAMP - INTERVAL '1 HOUR'),
('550e8400-e29b-41d4-a716-446655440503', '550e8400-e29b-41d4-a716-446655440415', NULL, NULL, NULL, NULL, 'damaged', 'repair', '送修', '550e8400-e29b-41d4-a716-446655440002', '设备操作员', CURRENT_TIMESTAMP - INTERVAL '2 HOUR');

-- ============================================
-- 完成
-- ============================================

COMMIT;

-- ============================================
-- 数据导入完成说明：
-- ============================================
-- 1. 此脚本导入了完整的示例数据，包含：
--    - 2个用户（管理员 + 操作员）
--    - 8个站点（3个值机岛 + 3个登机口 + 2个自助服务区）
--    - 17个柜台（值机岛和登机口柜台）
--    - 8种设备类型
--    - 30台设备（使用中、备机、损坏、送修）
--    - 3条变更记录示例
-- 
-- 2. 备机、损坏、送修设备的 station_id 为 NULL，表示在库房
-- 
-- 3. 首次登录后请立即修改默认密码
-- 
-- 4. 如需清理测试数据，可执行：
--    DELETE FROM device_change_records;
--    DELETE FROM paper_change_records;
--    DELETE FROM devices;
--    DELETE FROM counters;
--    DELETE FROM stations;
--    DELETE FROM device_types;
--    DELETE FROM users;
